{"cameraMode":{"drawMode":0,"name":"Shaded","section":"Shading Mode"},"sceneLighting":true,"audioPlay":false,"sceneViewState":{"showFog":true,"showMaterialUpdate":false,"showSkybox":false,"showFlares":true,"showImageEffects":true,"showParticleSystems":true},"in2DMode":false,"pivot":{"x":4.625241279602051,"y":-4.939347743988037,"z":8.194271087646485},"rotation":{"x":-0.231948122382164,"y":-0.043177828192710879,"z":0.010297495871782303,"w":-0.9717369675636292},"size":12.718592643737793,"orthographic":false}