{"cameraMode":{"drawMode":0,"name":"Shaded","section":"Shading Mode"},"sceneLighting":false,"audioPlay":false,"sceneViewState":{"showFog":true,"showMaterialUpdate":false,"showSkybox":false,"showFlares":true,"showImageEffects":true,"showParticleSystems":true},"in2DMode":false,"pivot":{"x":1.3031120300292969,"y":1.4367996454238892,"z":-0.17566858232021333},"rotation":{"x":0.044611986726522449,"y":-0.6152175068855286,"z":-0.034932076930999759,"w":-0.7863446474075317},"size":1.8316624164581299,"orthographic":false}